{"cameraMode":{"drawMode":0,"name":"Shaded","section":"Shading Mode"},"sceneLighting":false,"audioPlay":false,"sceneViewState":{"showFog":true,"showMaterialUpdate":true,"showSkybox":false,"showFlares":true,"showImageEffects":true,"showParticleSystems":true},"in2DMode":false,"pivot":{"x":8.018446922302246,"y":31.798450469970704,"z":-3.7507896423339845},"rotation":{"x":-0.0698816105723381,"y":-0.8647251129150391,"z":0.12569715082645417,"w":-0.4813138544559479},"size":11.990213394165039,"orthographic":false}