{"cameraMode":{"drawMode":0,"name":"Shaded","section":"Shading Mode"},"sceneLighting":false,"audioPlay":false,"sceneViewState":{"showFog":true,"showMaterialUpdate":true,"showSkybox":false,"showFlares":true,"showImageEffects":true,"showParticleSystems":true},"in2DMode":false,"pivot":{"x":960.0097045898438,"y":540.3167724609375,"z":0.2042980194091797},"rotation":{"x":-0.21088893711566926,"y":0.2846132516860962,"z":-0.06435784697532654,"w":-0.9329748153686523},"size":2.0660252571105959,"orthographic":false}