{"cameraMode":{"drawMode":0,"name":"Shaded","section":"Shading Mode"},"sceneLighting":false,"audioPlay":false,"sceneViewState":{"showFog":true,"showMaterialUpdate":true,"showSkybox":false,"showFlares":true,"showImageEffects":true,"showParticleSystems":true},"in2DMode":false,"pivot":{"x":961.3846435546875,"y":448.11248779296877,"z":11.678390502929688},"rotation":{"x":-0.07222437858581543,"y":0.026025855913758279,"z":-0.00190480868332088,"w":-0.9970778226852417},"size":1532.481201171875,"orthographic":false}