{"cameraMode":{"drawMode":0,"name":"Shaded","section":"Shading Mode"},"sceneLighting":false,"audioPlay":false,"sceneViewState":{"showFog":true,"showMaterialUpdate":true,"showSkybox":false,"showFlares":true,"showImageEffects":true,"showParticleSystems":true},"in2DMode":false,"pivot":{"x":0.22428560256958009,"y":0.055674731731414798,"z":0.08372539281845093},"rotation":{"x":-0.24592268466949464,"y":0.2207164168357849,"z":-0.05751447379589081,"w":-0.9421259760856628},"size":0.5660253763198853,"orthographic":false}