{"cameraMode":{"drawMode":0,"name":"Shaded","section":"Shading Mode"},"sceneLighting":false,"audioPlay":false,"sceneViewState":{"showFog":true,"showMaterialUpdate":true,"showSkybox":false,"showFlares":true,"showImageEffects":true,"showParticleSystems":true},"in2DMode":false,"pivot":{"x":259.1617431640625,"y":-0.10689449310302735,"z":-71.08179473876953},"rotation":{"x":-0.37069976329803469,"y":-0.17750772833824159,"z":0.07242041081190109,"w":-0.9087746739387512},"size":58.18067932128906,"orthographic":false}