{"cameraMode":{"drawMode":0,"name":"Shaded","section":"Shading Mode"},"sceneLighting":false,"audioPlay":false,"sceneViewState":{"showFog":true,"showMaterialUpdate":true,"showSkybox":false,"showFlares":true,"showImageEffects":true,"showParticleSystems":true},"in2DMode":false,"pivot":{"x":605.1323852539063,"y":548.6843872070313,"z":111.626953125},"rotation":{"x":-0.07222437858581543,"y":0.026025855913758279,"z":-0.00190480868332088,"w":-0.9970778226852417},"size":667.9594116210938,"orthographic":false}