{"cameraMode":{"drawMode":0,"name":"Shaded","section":"Shading Mode"},"sceneLighting":false,"audioPlay":false,"sceneViewState":{"showFog":true,"showMaterialUpdate":true,"showSkybox":false,"showFlares":true,"showImageEffects":true,"showParticleSystems":true},"in2DMode":false,"pivot":{"x":297.3078308105469,"y":10.100114822387696,"z":-33.56444549560547},"rotation":{"x":-0.024280764162540437,"y":-0.338944673538208,"z":0.008747155778110028,"w":-0.9404871463775635},"size":10.0,"orthographic":false}