{"cameraMode":{"drawMode":0,"name":"Shaded","section":"Shading Mode"},"sceneLighting":false,"audioPlay":false,"sceneViewState":{"showFog":true,"showMaterialUpdate":true,"showSkybox":false,"showFlares":true,"showImageEffects":true,"showParticleSystems":true},"in2DMode":false,"pivot":{"x":-6.031093597412109,"y":22.24331283569336,"z":-0.12009620666503906},"rotation":{"x":-0.11938933283090592,"y":0.7665008902549744,"z":-0.1492500901222229,"w":-0.6131478548049927},"size":33.01814651489258,"orthographic":false}