{"cameraMode":{"drawMode":0,"name":"Shaded","section":"Shading Mode"},"sceneLighting":false,"audioPlay":false,"sceneViewState":{"showFog":true,"showMaterialUpdate":true,"showSkybox":false,"showFlares":true,"showImageEffects":true,"showParticleSystems":true},"in2DMode":false,"pivot":{"x":960.0,"y":540.1639404296875,"z":-32.8849983215332},"rotation":{"x":-0.07222437858581543,"y":0.026025855913758279,"z":-0.00190480868332088,"w":-0.9970778226852417},"size":1102.0247802734375,"orthographic":false}