{"cameraMode":{"drawMode":0,"name":"Shaded","section":"Shading Mode"},"sceneLighting":true,"audioPlay":false,"sceneViewState":{"showFog":true,"showMaterialUpdate":true,"showSkybox":true,"showFlares":true,"showImageEffects":true,"showParticleSystems":true},"in2DMode":false,"pivot":{"x":-20.550989151000978,"y":-10.092376708984375,"z":-9.385910034179688},"rotation":{"x":0.2800152897834778,"y":-0.0028833444230258466,"z":0.0008427292923443019,"w":0.9599964022636414},"size":99.13862609863281,"orthographic":false}