{"cameraMode":{"drawMode":0,"name":"Shaded","section":"Shading Mode"},"sceneLighting":false,"audioPlay":false,"sceneViewState":{"showFog":true,"showMaterialUpdate":true,"showSkybox":false,"showFlares":true,"showImageEffects":true,"showParticleSystems":true},"in2DMode":false,"pivot":{"x":0.0,"y":1.2359999418258668,"z":1.6239999532699586},"rotation":{"x":-0.04774691164493561,"y":0.7786532640457153,"z":-0.059676818549633029,"w":-0.6228141188621521},"size":1.1622158288955689,"orthographic":false}