{"cameraMode":{"drawMode":0,"name":"Shaded","section":"Shading Mode"},"sceneLighting":false,"audioPlay":false,"sceneViewState":{"showFog":true,"showMaterialUpdate":true,"showSkybox":false,"showFlares":true,"showImageEffects":true,"showParticleSystems":true},"in2DMode":false,"pivot":{"x":-3.7200000286102297,"y":2.299999713897705,"z":23.559999465942384},"rotation":{"x":-0.37069976329803469,"y":-0.17750772833824159,"z":0.07242041081190109,"w":-0.9087746739387512},"size":3.1457126140594484,"orthographic":false}